address,bitcoin,bitcoin-sv,bitcoin-cash,dashcoin,dogecoin,eos,ethereum,ethereum-classic,ether-zero,litecoin,ripple,tronix,vechain,names
www.arrai.tv,False,False,False,False,False,True,False,False,False,False,False,False,False,"AL-RA'Y SATELLITE TELEVISION CHANNEL, SATELLITE TELEVISION CHANNEL AL RA'Y, AL-RA'Y SATELLITE CHANNEL, AL-RA'I SATELLITE CHANNEL, AL RA'Y SATELLITE TELEVISION STATION, AL RAIE TV CHANNEL, ARRAI TV, AL RA'Y TV, THE OPINION SATELLITE TELEVISION CHANNEL"
www.nipc.net,False,False,False,False,False,True,False,False,False,False,False,False,False,"NPC INTERNATIONAL, NPC INTERNATIONAL COMPANY, N P C INTERNATIONAL LTD, NPC International Limited"
www.sadra.ir,False,False,False,False,False,True,False,False,False,False,False,False,False,"IRAN MARINE INDUSTRIAL COMPANY, SADRA, IRAN MARINE INDUSTRIAL COMPANY SSA, IRAN SADRA, SHERKATE SANATI DARYAI IRAN, IRAN SHIP BUILDING CO., SADRA"
www.sbank.ir,False,False,False,False,False,True,False,False,False,False,False,False,False,"SARMAYEH BANK, BANK-E SARMAYEH, Bank Sarmayeh"
www.aictc.ir,False,False,False,False,False,True,False,False,False,False,False,False,False,"ADVANCED INFORMATION AND COMMUNICATION TECHNOLOGY CENTER, AICTC"
dnronline.su,False,False,False,False,False,True,False,False,False,False,False,False,False,"Donetsk People's Republic, Донецька Народна Республіка, Donetskaya Narodnaya Respublika, Донецкая Народная Республика"
www.ifdk.com,False,False,False,False,False,True,False,False,False,False,False,False,False,"IFDK, ZAO, IFD KAPITAL GROUP, IFD-KAPITAL, IFD KAPITAL, IFD-CAPITAL, ZAKRYTOE AKTSIONERNOE OBSHCHESTVO 'IFD KAPITAL', CLOSED JOINT STOCK COMPANY 'IFD KAPITAL', ZAKRYTOE AKTSIONERNOE OBSHCHESTVO IFD KARITAL"
www.ekt2.com,False,False,False,False,False,True,False,False,False,False,False,False,False,"Electronics Katrangi Trading, Electronic Katrangi Group, EKT Electronics, Katrangi Trading, Katranji Labs, EKT (Katrangi Bros), Katrangi Electronics, Electronic System Group, Al Amir Electronics, Al-Amir Electronics, Amirco Electronics, Katrangi for Electronics Industries, AlAmir Electronics, NKtronics, Smart Pegasus, Smart Green Power, Lumiere Elysees, LUMIÈRE ELYSÉES, EKT, ESG, E.K.T., E.K.T. (Katrangi Bros.), EKT Katrangi Brothers"
1JREJdZupiFhE7ZzQPtASuMCvvpXC7wRsC,True,True,True,False,False,False,False,False,False,False,False,False,False,"YAN, Xiaobing, 颜, 晓兵, 顏, 曉兵, ZHOU, William, YAN, Steven"
12QtD5BFwRsdNsAZY76UVE1xyCGNTojH9h,True,True,True,False,False,False,False,False,False,False,False,False,False,"YAN, Xiaobing, 颜, 晓兵, 顏, 曉兵, ZHOU, William, YAN, Steven"
13f59kUM5FU8MfTG7DCEugYarDhSD7XCoC,True,True,True,False,False,False,False,False,False,False,False,False,False,"YAN, Xiaobing, 颜, 晓兵, 顏, 曉兵, ZHOU, William, YAN, Steven"
1P3ZfGFLezzYGg9k5SVzQmnjyh7nrUmF2y,True,True,True,False,False,False,False,False,False,False,False,False,False,"YAN, Xiaobing, 颜, 晓兵, 顏, 曉兵, ZHOU, William, YAN, Steven"
1Kuf2Rd8mDyAViwBozGTNYnvWL8uYFrkVo,True,True,True,False,False,False,False,False,False,False,False,False,False,"YAN, Xiaobing, 颜, 晓兵, 顏, 曉兵, ZHOU, William, YAN, Steven"
1EpMiZkQVekM5ij12nMiEwttFPcDK9XhX6,True,True,True,False,False,False,False,False,False,False,False,False,False,"YAN, Xiaobing, 颜, 晓兵, 顏, 曉兵, ZHOU, William, YAN, Steven"
www.bmiic.ir,False,False,False,False,False,True,False,False,False,False,False,False,False,"Tose-e Melli Group Investment Company, Bank Melli Iran Investment Company, Iran Melli Bank Investment Company, National Development and Investment Group, Tose-e Melli Group Investment Company Public Shareholding Company, TMGIC, Tosee Melli Group Investment Company"
www.cidco.ir,False,False,False,False,False,True,False,False,False,False,False,False,False,Cement Industry Investment and Development Company
www.mibic.ir,False,False,False,False,False,True,False,False,False,False,False,False,False,Melli International Building & Industry Company
www.tmico.ir,False,False,False,False,False,True,False,False,False,False,False,False,False,"Tose-e Melli Investment Company, National Development Investment Company, Tosee Melli Investment Company"
www.irmti.ir,False,False,False,False,False,True,False,False,False,False,False,False,False,"irisl maritime training institute, IRISL MTI"
149w62rY42aZBox8fGcmqNsXUzSStKeq8C,True,True,True,False,False,False,False,False,False,False,False,False,False,"Khorashadizadeh, Ali, Mastercartaria, Iranvisacart"
1AjZPMsnmpdK2Rv9KQNfMurTXinscVro9V,True,True,True,False,False,False,False,False,False,False,False,False,False,"GHORBANIYAN, Mohammad, GHORBANIAN, Mohammad, Ensaniyat, Ensaniyat_Exchanger, EnExchanger"
1DH2xDH7TngrDU6LXciprKCBKNcPA1xX8A,True,True,True,False,False,False,False,False,False,False,False,False,False,"郑, 福景, Zheng, Fujing, 鄭, 福景, Jin, Gordon, Deng, Gao, Zheng, Gordon"
17ezuJoT3XBbdcwFZbkTnrXbup11F4uhiy,True,True,True,False,False,False,False,False,False,False,False,False,False,"郑, 福景, Zheng, Fujing, 鄭, 福景, Jin, Gordon, Deng, Gao, Zheng, Gordon"
3MkUNScqf21EcfWq6T4x2MFgBeSTqhB5t6,True,True,True,False,False,False,False,False,False,True,False,False,False,"郑, 广华, Zheng, Guanghua, 鄭, 广華"
18uKfaUjgG52rVeXEi3wxnveww7zZuECtE,True,True,True,False,False,False,False,False,False,False,False,False,False,"郑, 广华, Zheng, Guanghua, 鄭, 广華"
LaizKtS5DUhPuP1nTQcc83MS7HwK6vk85z,False,False,False,False,False,False,False,False,False,True,False,False,False,"郑, 广华, Zheng, Guanghua, 鄭, 广華"
33Kja69SQVc8kozpoP7Qw6HFtGxHkiWzTz,True,True,True,False,False,False,False,False,False,True,False,False,False,"郑, 广华, Zheng, Guanghua, 鄭, 广華"
www.pgpic.ir,False,False,False,False,False,True,False,False,False,False,False,False,False,"PERSIAN GULF PETROCHEMICAL INDUSTRY CO., Persian Gulf Petrochemical Industries, Persian Gulf Petrochemical Industries Co. PLC, Persian Gulf Petrochemical Industry, Persian Gulf Petrochemical Industry Company, PGPIC"
www.urpcc.ir,False,False,False,False,False,True,False,False,False,False,False,False,False,"Urmia Petrochemical Company, UPC"
0x3e37627dEAA754090fBFbb8bd226c1CE66D255e9,False,False,False,False,False,False,True,True,True,False,False,False,True,"Lazarus Group, Hidden Cobra, Office 91, Guardians of Peace, The New Romantic Cyber Army Team, WhoIs Hacking Team, Red Dot, TEMP.Hermit, Group 77, Zinc, APT-C-26, Appleworm"
0x098B716B8Aaf21512996dC57EB0615e2383E2f96,False,False,False,False,False,False,True,True,True,False,False,False,True,"Lazarus Group, Hidden Cobra, Office 91, Guardians of Peace, The New Romantic Cyber Army Team, WhoIs Hacking Team, Red Dot, TEMP.Hermit, Group 77, Zinc, APT-C-26, Appleworm"
0xa0e1c89Ef1a489c9C7dE96311eD5Ce5D32c20E4B,False,False,False,False,False,False,True,True,True,False,False,False,True,"Lazarus Group, Hidden Cobra, Office 91, Guardians of Peace, The New Romantic Cyber Army Team, WhoIs Hacking Team, Red Dot, TEMP.Hermit, Group 77, Zinc, APT-C-26, Appleworm"
0x53b6936513e738f44FB50d2b9476730C0Ab3Bfc1,False,False,False,False,False,False,True,True,True,False,False,False,True,"Lazarus Group, Hidden Cobra, Office 91, Guardians of Peace, The New Romantic Cyber Army Team, WhoIs Hacking Team, Red Dot, TEMP.Hermit, Group 77, Zinc, APT-C-26, Appleworm"
0x08723392Ed15743cc38513C4925f5e6be5c17243,False,False,False,False,False,False,True,True,True,False,False,False,True,"Lazarus Group, Hidden Cobra, Office 91, Guardians of Peace, The New Romantic Cyber Army Team, WhoIs Hacking Team, Red Dot, TEMP.Hermit, Group 77, Zinc, APT-C-26, Appleworm"
0xF7B31119c2682c88d88D455dBb9d5932c65Cf1bE,False,False,False,False,False,False,True,True,True,False,False,False,True,"Lazarus Group, Hidden Cobra, Office 91, Guardians of Peace, The New Romantic Cyber Army Team, WhoIs Hacking Team, Red Dot, TEMP.Hermit, Group 77, Zinc, APT-C-26, Appleworm"
0x35fB6f6DB4fb05e6A4cE86f2C93691425626d4b1,False,False,False,False,False,False,True,True,True,False,False,False,True,"Lazarus Group, Hidden Cobra, Office 91, Guardians of Peace, The New Romantic Cyber Army Team, WhoIs Hacking Team, Red Dot, TEMP.Hermit, Group 77, Zinc, APT-C-26, Appleworm"
0x3Cffd56B47B7b41c56258D9C7731ABaDc360E073,False,False,False,False,False,False,True,True,True,False,False,False,True,"Lazarus Group, Hidden Cobra, Office 91, Guardians of Peace, The New Romantic Cyber Army Team, WhoIs Hacking Team, Red Dot, TEMP.Hermit, Group 77, Zinc, APT-C-26, Appleworm"
134r8iHv69xdT6p5qVKTsHrcUEuBVZAYak,True,True,True,False,False,False,False,False,False,False,False,False,False,"Tian, Yinyin, 田, 寅寅, tianyinyin0404, snowsjohn"
1Hn9ErTCPRP6j5UDBeuXPGuq5RtRjFJxJQ,True,True,True,False,False,False,False,False,False,False,False,False,False,"Tian, Yinyin, 田, 寅寅, tianyinyin0404, snowsjohn"
15YK647qtoZQDzNrvY6HJL6QwXduLHfT28,True,True,True,False,False,False,False,False,False,False,False,False,False,"Tian, Yinyin, 田, 寅寅, tianyinyin0404, snowsjohn"
1F2Gdug9ib9NQMhKMGGJczzMk5SuENoqrp,True,True,True,False,False,False,False,False,False,False,False,False,False,"Tian, Yinyin, 田, 寅寅, tianyinyin0404, snowsjohn"
1PfwHNxUnkpfkK9MKjMqzR3Xq3KCtq9u17,True,True,True,False,False,False,False,False,False,False,False,False,False,"Tian, Yinyin, 田, 寅寅, tianyinyin0404, snowsjohn"
14kqryJUxM3a7aEi117KX9hoLUw592WsMR,True,True,True,False,False,False,False,False,False,False,False,False,False,"Tian, Yinyin, 田, 寅寅, tianyinyin0404, snowsjohn"
1AXUTu9y3H8w4wYx4BjyFWgRhZKDhmcMrn,True,True,True,False,False,False,False,False,False,False,False,False,False,"Tian, Yinyin, 田, 寅寅, tianyinyin0404, snowsjohn"
3F2sZ4jbhvDKQdGbHYPC6ZxFXEau2m5Lqj,True,True,True,False,False,False,False,False,False,True,False,False,False,"Tian, Yinyin, 田, 寅寅, tianyinyin0404, snowsjohn"
3E6rY4dSCDW6y2bzJNwrjvTtdmMQjB6yeh,True,True,True,False,False,False,False,False,False,True,False,False,False,"Li, Jiadong, 李, 家东, blackjack1987, khaleesi"
39eboeqYNFe2VoLC3mUGx4dh6GNhLB3D2q,True,True,True,False,False,False,False,False,False,True,False,False,False,"Li, Jiadong, 李, 家东, blackjack1987, khaleesi"
39fhoB2DohisGBbHvvfmkdPdShT75CNHdX,True,True,True,False,False,False,False,False,False,True,False,False,False,"Li, Jiadong, 李, 家东, blackjack1987, khaleesi"
3LbDu1rUXHNyiz4i8eb3KwkSSBMf7C583D,True,True,True,False,False,False,False,False,False,True,False,False,False,"Li, Jiadong, 李, 家东, blackjack1987, khaleesi"
1EfMVkxQQuZfBdocpJu6RUsCJvenQWbQyE,True,True,True,False,False,False,False,False,False,False,False,False,False,"Li, Jiadong, 李, 家东, blackjack1987, khaleesi"
3N6WeZ6i34taX8Ditser6LKWBcXmt2XXL4,True,True,True,False,False,False,False,False,False,True,False,False,False,"Li, Jiadong, 李, 家东, blackjack1987, khaleesi"
3HQRveQzPifZorZLDXHernc5zjoZax8U9f,True,True,True,False,False,False,False,False,False,True,False,False,False,"Li, Jiadong, 李, 家东, blackjack1987, khaleesi"
17UVSMegvrzfobKC82dHXpZLtLcqzW9stF,True,True,True,False,False,False,False,False,False,False,False,False,False,"Li, Jiadong, 李, 家东, blackjack1987, khaleesi"
3KHfXU24Bt3YD5Ef4J7uNp2buCuhrxfGen,True,True,True,False,False,False,False,False,False,True,False,False,False,"Li, Jiadong, 李, 家东, blackjack1987, khaleesi"
3MN8nYo1tt5hLxMwMbxDkXWd7Xu522hb9P,True,True,True,False,False,False,False,False,False,True,False,False,False,"Li, Jiadong, 李, 家东, blackjack1987, khaleesi"
3JXKQ81JzBqVbB8VHdV9Jtd7auWokkdPgY,True,True,True,False,False,False,False,False,False,True,False,False,False,"Li, Jiadong, 李, 家东, blackjack1987, khaleesi"
3EeR8FbcPbkcGj77D6ttneJxmsr3Nu7KGV,True,True,True,False,False,False,False,False,False,True,False,False,False,"Li, Jiadong, 李, 家东, blackjack1987, khaleesi"
www.iasco.ir,False,False,False,False,False,True,False,False,False,False,False,False,False,"Iran Alloy Steel COMPANY, IASCO"
www.sjsco.ir,False,False,False,False,False,True,False,False,False,False,False,False,False,"Sirjan Jahan Steel Complex, شرکت جهان فولاد سیرجان, SJSCO, Jahan Foolad Sirjan, Jahan Foolad Steel Company, Sirjan Jahan Foolad"
www.icioc.ir,False,False,False,False,False,True,False,False,False,False,False,False,False,"Iran Central Iron Ore Company, شرکت سنگ آهن مرکزی ایران, ICIOC"
1Kys8fqDen8NGFUJ6AFcXfFW5qquuTH4eh,True,True,True,False,False,False,False,False,False,False,False,False,False,"Потехин, Данил, Potekhin, Danil, cronuswar, Sergey, Kireev, Valerievich"
1Q9UAQbcDezmyouFrzt94t4dSMxgsUfW1X,True,True,True,False,False,False,False,False,False,False,False,False,False,"Потехин, Данил, Potekhin, Danil, cronuswar, Sergey, Kireev, Valerievich"
0x7F367cC41522cE07553e823bf3be79A889DEbe1B,False,False,False,False,False,False,True,True,True,False,False,False,True,"Потехин, Данил, Potekhin, Danil, cronuswar, Sergey, Kireev, Valerievich"
1DDA93oZPn7wte2eR1ABwcFoxUFxkKMwCf,True,True,True,False,False,False,False,False,False,False,False,False,False,"KARASAVIDI, Dmitrii, КАРАСАВИДИ, Дмитрий, Karasavidi, Dmitriy"
XnPFsRWTaSgiVauosEwQ6dEitGYXgwznz2,False,False,False,True,False,False,False,False,False,False,False,False,False,"KARASAVIDI, Dmitrii, КАРАСАВИДИ, Дмитрий, Karasavidi, Dmitriy"
LNwgtMxcKUQ51dw7bQL1yPQjBVZh6QEqsd,False,False,False,False,False,False,False,False,False,True,False,False,False,"KARASAVIDI, Dmitrii, КАРАСАВИДИ, Дмитрий, Karasavidi, Dmitriy"
0xd882cfc20f52f2599d84b8e8d58c7fb62cfe344b,False,False,False,False,False,False,True,True,True,False,False,False,True,"KARASAVIDI, Dmitrii, КАРАСАВИДИ, Дмитрий, Karasavidi, Dmitriy"
1Q6saNmqKkyFB9mFR68Ck8F7Dp7dTopF2W,True,True,True,False,False,False,False,False,False,False,False,False,False,"KARASAVIDI, Dmitrii, КАРАСАВИДИ, Дмитрий, Karasavidi, Dmitriy"
1DT3tenf14cxz9WFNxmYrXFbB6TFiVWA9U,True,True,True,False,False,False,False,False,False,False,False,False,False,"ЛИФШИЦ, Артем, Михайлович, Lifshits, Artem, Mikhaylovich"
Xs3vzQmNvAxRa3Xo8XzQqUb3BMgb9EogF4,False,False,False,True,False,False,False,False,False,False,False,False,False,"ЛИФШИЦ, Артем, Михайлович, Lifshits, Artem, Mikhaylovich"
Leo3j36nn1JcsUQruytQhFUdCdCH5YHMR3,False,False,False,False,False,False,False,False,False,True,False,False,False,"ЛИФШИЦ, Артем, Михайлович, Lifshits, Artem, Mikhaylovich"
0x901bb9583b24d97e995513c6778dc6888ab6870e,False,False,False,False,False,False,True,True,True,False,False,False,True,"ЛИФШИЦ, Артем, Михайлович, Lifshits, Artem, Mikhaylovich"
12udabs2TkX7NXCSj6KpqXfakjE52ZPLhz,True,True,True,False,False,False,False,False,False,False,False,False,False,"ЛИФШИЦ, Артем, Михайлович, Lifshits, Artem, Mikhaylovich"
0xa7e5d5a720f06526557c513402f2e6b5fa20b008,False,False,False,False,False,False,True,True,True,False,False,False,True,"ЛИФШИЦ, Артем, Михайлович, Lifshits, Artem, Mikhaylovich"
18Qj1THHuETfYhuRDZycXJbWwDMGw73Poa,True,True,True,False,False,False,False,False,False,False,False,False,False,"Andreyev, Anton, Nikolaeyvich, АНДРЕЕВ, Антон, Николаевич"
15Pt4NwZaUmMUwS2bQbyyncc7mzgWShtv8,True,True,True,False,False,False,False,False,False,False,False,False,False,"Andreyev, Anton, Nikolaeyvich, АНДРЕЕВ, Антон, Николаевич"
13YBQr2Cp1YY3xqq2qngaPb7ca1o4ugeq6,True,True,True,False,False,False,False,False,False,False,False,False,False,"Andreyev, Anton, Nikolaeyvich, АНДРЕЕВ, Антон, Николаевич"
1AeSq93WDNdLoEJ92sex7T8xQZoYYm8BtS,True,True,True,False,False,False,False,False,False,False,False,False,False,"Andreyev, Anton, Nikolaeyvich, АНДРЕЕВ, Антон, Николаевич"
1DbShx4r8i2XesthoDBf5EkYWz5dsKEusV,True,True,True,False,False,False,False,False,False,False,False,False,False,"Andreyev, Anton, Nikolaeyvich, АНДРЕЕВ, Антон, Николаевич"
12sjrrhoFEsedNRhtgwvvRqjFTh8fZTDX9,True,True,True,False,False,False,False,False,False,False,False,False,False,"Andreyev, Anton, Nikolaeyvich, АНДРЕЕВ, Антон, Николаевич"
1FRyL9gmFGbzfYDAB4iY9836DJe3KSnjP9,True,True,True,False,False,False,False,False,False,False,False,False,False,"Andreyev, Anton, Nikolaeyvich, АНДРЕЕВ, Антон, Николаевич"
1DYFJ6CuBvrxyoQSuBzVsNcetY9tvdsrag,True,True,True,False,False,False,False,False,False,False,False,False,False,"Andreyev, Anton, Nikolaeyvich, АНДРЕЕВ, Антон, Николаевич"
0x8576acc5c05d6ce88f4e49bf65bdf0c62f91353c,False,False,False,False,False,False,True,True,True,False,False,False,True,"Andreyev, Anton, Nikolaeyvich, АНДРЕЕВ, Антон, Николаевич"
LaYUy1DGfVSuSF5KbPhbLrm8kRotqiwUJn,False,False,False,False,False,False,False,False,False,True,False,False,False,"Andreyev, Anton, Nikolaeyvich, АНДРЕЕВ, Антон, Николаевич"
LWnbjLYUfqeokfbWM4FcU7uk2FP2DSxuWS,False,False,False,False,False,False,False,False,False,True,False,False,False,"Andreyev, Anton, Nikolaeyvich, АНДРЕЕВ, Антон, Николаевич"
1PhqQpaGCrqSxQ6QDXcv14QCd1U98Zp34E,True,True,True,False,False,False,False,False,False,False,False,False,False,"Andreyev, Anton, Nikolaeyvich, АНДРЕЕВ, Антон, Николаевич"
1AoxtfiBQ22DvbhqAN9Ctb8sULMRhrdwTr,True,True,True,False,False,False,False,False,False,False,False,False,False,"Andreyev, Anton, Nikolaeyvich, АНДРЕЕВ, Антон, Николаевич"
1Fz29BQp82pE3vXXcsZoMNQ3KSHfMzfMe3,True,True,True,False,False,False,False,False,False,False,False,False,False,"Andreyev, Anton, Nikolaeyvich, АНДРЕЕВ, Антон, Николаевич"
1MnbhWe5wr7Ut45ReyQsm96PwnM9jD7KaH,True,True,True,False,False,False,False,False,False,False,False,False,False,"Andreyev, Anton, Nikolaeyvich, АНДРЕЕВ, Антон, Николаевич"
1KgudqxMfYaGzqAA7MS4DcsqejtMteqhix,True,True,True,False,False,False,False,False,False,False,False,False,False,"Andreyev, Anton, Nikolaeyvich, АНДРЕЕВ, Антон, Николаевич"
www.kalco.ir,False,False,False,False,False,True,False,False,False,False,False,False,False,"شرکت آلومینیوم کاوه خوزستان, Kaveh Khozestan Aluminum Company, Kaveh Khozestan Aluminium Company, KALCO, KALCO Aluminum Company, Kaveh Khozestan Aluminium, Kave Khozestan Aluminium Co., Kaveh Aluminum Khuzestan, Khuzestan Kaveh Aluminum Company"
0x7Db418b5D567A4e0E8c59Ad71BE1FcE48f3E6107,False,False,False,False,False,False,True,True,True,False,False,False,True,"Secondeye Solution, Forwarderz"
LQAhYwwK5AR1JQiQPr7vu8Pu4b6qcxxvNB,False,False,False,False,False,False,False,False,False,True,False,False,False,"Secondeye Solution, Forwarderz"
182NGZbPJXwg2WDrhrPpR7tpiGQkNPF844,True,True,True,False,False,False,False,False,False,False,False,False,False,"Secondeye Solution, Forwarderz"
1NayLEVF3bEEbDtdF2Cwso1VdEtvVNh2qX,True,True,True,False,False,False,False,False,False,False,False,False,False,"Secondeye Solution, Forwarderz"
LeKvNdNEzgQkzVVnRdV3fAu2DSF1nLsNw6,False,False,False,False,False,False,False,False,False,True,False,False,False,"Secondeye Solution, Forwarderz"
16PhXY3hNNMTo8kpuJx2emh713KbWpkqci,True,True,True,False,False,False,False,False,False,False,False,False,False,"Secondeye Solution, Forwarderz"
1G9CKRHA3mx22DoT1QyNYrh85VSQ19Y1em,True,True,True,False,False,False,False,False,False,False,False,False,False,"Secondeye Solution, Forwarderz"
1DtGgdCi9VPKz2Bpq8GQhUQEPnQ5HwaT9n,True,True,True,False,False,False,False,False,False,False,False,False,False,"Secondeye Solution, Forwarderz"
18M8bJWMzWHDBMxoLqjHHAffdRy4SrzkfB,True,True,True,False,False,False,False,False,False,False,False,False,False,"Secondeye Solution, Forwarderz"
LgwmgYnraU2uBWHVFUDgAmFCPYj5Yw8C9L,False,False,False,False,False,False,False,False,False,True,False,False,False,"Secondeye Solution, Forwarderz"
0x1da5821544e25c636c1417ba96ade4cf6d2f9b5a,False,False,False,False,False,False,True,True,True,False,False,False,True,"Secondeye Solution, Forwarderz"
0x72a5843cc08275C8171E582972Aa4fDa8C397B2A,False,False,False,False,False,False,True,True,True,False,False,False,True,"Secondeye Solution, Forwarderz"
1QJUiNsNfji6mR1FjAwf6Eg9NxxHPoxpWL,True,True,True,False,False,False,False,False,False,False,False,False,False,"Secondeye Solution, Forwarderz"
0x7F19720A857F834887FC9A7bC0a0fBe7Fc7f8102,False,False,False,False,False,False,True,True,True,False,False,False,True,"Secondeye Solution, Forwarderz"
19D8PHBjZH29uS1uPZ4m3sVyqqfF8UFG9o,True,True,True,False,False,False,False,False,False,False,False,False,False,"Secondeye Solution, Forwarderz"
1NE2NiGhhbkFPSEyNWwj7hKGhGDedBtSrQ,True,True,True,False,False,False,False,False,False,False,False,False,False,"Secondeye Solution, Forwarderz"
1EYitrwBYNWuTBcjZFbEUdqHppe2raLpaF,True,True,True,False,False,False,False,False,False,False,False,False,False,"Secondeye Solution, Forwarderz"
1GqChmWqGtsaLrGbHfgdrV5Nkvahtjjuxr,True,True,True,False,False,False,False,False,False,False,False,False,False,"Secondeye Solution, Forwarderz"
18Ke1QWE9nQfXuhJijHggZuPJ5ZYxapoBK,True,True,True,False,False,False,False,False,False,False,False,False,False,"Secondeye Solution, Forwarderz"
LeKvNdNEzgQkzVVnRdV3fAu2DSF1nLsNw6,False,False,False,False,False,False,False,False,False,True,False,False,False,"RAZA, Mujtaba, Ali, RAZA, Mujtaba, Lilani, Mujtaba, Ali"
1BiUFjzH6wsT73U3tfy4aXHCQsYQHzjk5h,True,True,True,False,False,False,False,False,False,False,False,False,False,"RAZA, Mujtaba, Ali, RAZA, Mujtaba, Lilani, Mujtaba, Ali"
1KSAbh5trMCTZwhiNsuUQvfTtSSTT8zqRk,True,True,True,False,False,False,False,False,False,False,False,False,False,"RAZA, Mujtaba, Ali, RAZA, Mujtaba, Lilani, Mujtaba, Ali"
DFFJhnQNZf8rf67tYnesPu7MuGUpYtzv7Z,False,False,False,False,True,False,False,False,False,False,False,False,False,"RAZA, Mujtaba, Ali, RAZA, Mujtaba, Lilani, Mujtaba, Ali"
www.mfbco.ir,False,False,False,False,False,True,False,False,False,False,False,False,False,"Bonab Steel Industry Complex, Shahin Bonab Steel Complex, Mojtame Foulad Shahin Bonab"
XyARKoupuArYtToA2S6yMdnoquDCDaBsaT,False,False,False,True,False,False,False,False,False,False,False,False,False,"Association for Free Research and International Cooperation, AFRIC"
bc1qw4cxpe6sxa5dg6sdwxjph959cw6yztrzl4r54s,True,False,False,False,False,False,False,False,False,False,False,False,False,"SOUTHFRONT, South Front, SouthFront: Analysis & Intelligence"
0x3cbded43efdaf0fc77b9c55f6fc9988fcc9b757d,False,False,False,False,False,False,True,True,True,False,False,False,True,"SOUTHFRONT, South Front, SouthFront: Analysis & Intelligence"
3Gbs4rjcVUtQd8p3CiFUCxPLZwRqurezRZ,True,True,True,False,False,False,False,False,False,True,False,False,False,"SOUTHFRONT, South Front, SouthFront: Analysis & Intelligence"
bc1qv7k70u2zynvem59u88ctdlaw7hc735d8xep9rq,True,False,False,False,False,False,False,False,False,False,False,False,False,"SOUTHFRONT, South Front, SouthFront: Analysis & Intelligence"
0x9f4cda013e354b8fc285bf4b9a60460cee7f7ea9,False,False,False,False,False,False,True,True,True,False,False,False,True,"SOUTHFRONT, South Front, SouthFront: Analysis & Intelligence"
17a5bpKvEp1j1Trs4qTbcNZrby53JbaS9C,True,True,True,False,False,False,False,False,False,False,False,False,False,"FAYZIMATOV, Farrukh, Furkatovitch, шами, Фарук, Shami, Faruq, al-Shami, Faruk, Shami, Faruk, Ash-Shami, Faruk, Fayzimatov, Faruk, Furkatovich"
0x308ed4b7b49797e1a98d3818bff6fe5385410370,False,False,False,False,False,False,True,True,True,False,False,False,True,"SUEX OTC, S.R.O., Successful Exchange"
1LrxsRd7zNuxPJcL5rttnoeJFy1y4AffYY,True,True,True,False,False,False,False,False,False,False,False,False,False,"SUEX OTC, S.R.O., Successful Exchange"
bc1qdt3gml5z5n50y5hm04u2yjdphefkm0fl2zdj68,True,False,False,False,False,False,False,False,False,False,False,False,False,"SUEX OTC, S.R.O., Successful Exchange"
1Edue8XZCWNoDBNZgnQkCCivDyr9GEo4x6,True,True,True,False,False,False,False,False,False,False,False,False,False,"SUEX OTC, S.R.O., Successful Exchange"
1B64QRxfaa35MVkf7sDjuGUYAP5izQt7Qi,True,True,True,False,False,False,False,False,False,False,False,False,False,"SUEX OTC, S.R.O., Successful Exchange"
1KUUJPkyDhamZXgpsyXqNGc3x1QPXtdhgz,True,True,True,False,False,False,False,False,False,False,False,False,False,"SUEX OTC, S.R.O., Successful Exchange"
1295rkVyNfFpqZpXvKGhDqwhP1jZcNNDMV,True,True,True,False,False,False,False,False,False,False,False,False,False,"SUEX OTC, S.R.O., Successful Exchange"
1L4ncif9hh9TnUveqWq77HfWWt6CJWtrnb,True,True,True,False,False,False,False,False,False,False,False,False,False,"SUEX OTC, S.R.O., Successful Exchange"
1J9oGoAiHeRfeMZeUnJ9W7RpV55CdKtgYE,True,True,True,False,False,False,False,False,False,False,False,False,False,"SUEX OTC, S.R.O., Successful Exchange"
0x2f389ce8bd8ff92de3402ffce4691d17fc4f6535,False,False,False,False,False,False,True,True,True,False,False,False,True,"SUEX OTC, S.R.O., Successful Exchange"
1CF46Rfbp97absrs7zb7dFfZS6qBXUm9EP,True,True,True,False,False,False,False,False,False,False,False,False,False,"SUEX OTC, S.R.O., Successful Exchange"
1LiNmTUPSJEd92ZgVJjAV3RT9BzUjvUCkx,True,True,True,False,False,False,False,False,False,False,False,False,False,"SUEX OTC, S.R.O., Successful Exchange"
0x19aa5fe80d33a56d56c78e82ea5e50e5d80b4dff,False,False,False,False,False,False,True,True,True,False,False,False,True,"SUEX OTC, S.R.O., Successful Exchange"
13mnk8SvDGqsQTHbiGiHBXqtaQCUKfcsnP,True,True,True,False,False,False,False,False,False,False,False,False,False,"SUEX OTC, S.R.O., Successful Exchange"
0xe7aa314c77f4233c18c6cc84384a9247c0cf367b,False,False,False,False,False,False,True,True,True,False,False,False,True,"SUEX OTC, S.R.O., Successful Exchange"
16iWn2J1McqjToYLHSsAyS6En3QA8YQ91H,True,True,True,False,False,False,False,False,False,False,False,False,False,"SUEX OTC, S.R.O., Successful Exchange"
1ECeZBxCVJ8Wm2JSN3Cyc6rge2gnvD3W5K,True,True,True,False,False,False,False,False,False,False,False,False,False,"SUEX OTC, S.R.O., Successful Exchange"
12HQDsicffSBaYdJ6BhnE22sfjTESmmzKx,True,True,True,False,False,False,False,False,False,False,False,False,False,"SUEX OTC, S.R.O., Successful Exchange"
1Df883c96LVauVsx9FEgnsourD8DELwCUQ,True,True,True,False,False,False,False,False,False,False,False,False,False,"SUEX OTC, S.R.O., Successful Exchange"
bc1q4rzdtlt0uslyw86cp29sctl6ct29g9a95cuup7pn5md9ddj7xgmqpp5m73,True,False,False,False,False,False,False,False,False,False,False,False,False,CHATEX
bc1q86tl9255vg5wldamfymaaz36uqxzm30gs7fhkljvzdlt9t38s3lqgdwdfq,True,False,False,False,False,False,False,False,False,False,False,False,False,CHATEX
0x6acdfba02d390b97ac2b2d42a63e85293bcc160e,False,False,False,False,False,False,True,True,True,False,False,False,True,CHATEX
3LtcaPbCj87CwJHnRX3vh7c2y9RZQqeSy8,True,True,True,False,False,False,False,False,False,True,False,False,False,CHATEX
0x48549a34ae37b12f6a30566245176994e17c6b4a,False,False,False,False,False,False,True,True,True,False,False,False,True,CHATEX
bc1qw7vfgv3r5vnehafl0y95sclg3uqsj87wxs9ad628yjjcq33cwessr6ndyw,True,False,False,False,False,False,False,False,False,False,False,False,False,CHATEX
3K7PMJyMNVnxqsfpmK9r9nJDtzDw9wNwNV,True,True,True,False,False,False,False,False,False,True,False,False,False,CHATEX
0xc455f7fd3e0e12afd51fba5c106909934d8a0e4a,False,False,False,False,False,False,True,True,True,False,False,False,True,CHATEX
3N9YcPBDky9UsMx1RTk33tL4jDkZfSnsPk,True,True,True,False,False,False,False,False,False,True,False,False,False,CHATEX
3Qw9Fn19gCnga9LfHfpM99aGzuqxBNjR2i,True,True,True,False,False,False,False,False,False,True,False,False,False,CHATEX
0x5512d943ed1f7c8a43f3435c85f7ab68b30121b0,False,False,False,False,False,False,True,True,True,False,False,False,True,CHATEX
3NRJ8aXdUiZdHaiFX9ePX3DhGHzcEi14Fq,True,True,True,False,False,False,False,False,False,True,False,False,False,CHATEX
36YGN5dGzqrxMomTHdkT6cYVMnWBw8S7hD,True,True,True,False,False,False,False,False,False,True,False,False,False,CHATEX
34kWCKF2wCbe6uinit2uL4ND6d8yxsuxKM,True,True,True,False,False,False,False,False,False,True,False,False,False,CHATEX
3NPognMSbzyA2JYW2fpkVKWyBMi2XTq2Zt,True,True,True,False,False,False,False,False,False,True,False,False,False,CHATEX
0x6f1ca141a28907f78ebaa64fb83a9088b02a8352,False,False,False,False,False,False,True,True,True,False,False,False,True,CHATEX
33xWfziVZesgo83U5izdNCBVTnrtBpSwK7,True,True,True,False,False,False,False,False,False,True,False,False,False,CHATEX
bc1qe95l438kzjcvnsm3kn8n5augf9gpctdlhsq7f7hpnkyvlr7rc7cqupapf7,True,False,False,False,False,False,False,False,False,False,False,False,False,CHATEX
32wdqwX3zCEX3DhAVEcKwXCEGdzgBnx1R9,True,True,True,False,False,False,False,False,False,True,False,False,False,CHATEX
3MzLtBQ4Lz9J6w4Qu55TktgxFKZwxYWrP6,True,True,True,False,False,False,False,False,False,True,False,False,False,CHATEX
0x67d40EE1A85bf4a4Bb7Ffae16De985e8427B6b45,False,False,False,False,False,False,True,True,True,False,False,False,True,CHATEX
3E7YbpXuhh3CWFks1jmvWoV8y5DvsfzE6n,True,True,True,False,False,False,False,False,False,True,False,False,False,CHATEX
3M7CGBPUJwXXSroWuZ6H5jiprdKCyf7V5M,True,True,True,False,False,False,False,False,False,True,False,False,False,CHATEX
32VgTk8kGvBsqkHhkvtNooGdtqZm46jTVo,True,True,True,False,False,False,False,False,False,True,False,False,False,CHATEX
bc1q90zrdysy4flyacw7hsury3ajs9yzwtwp6guqpypx94w0d3p58hysvz6pde,True,False,False,False,False,False,False,False,False,False,False,False,False,CHATEX
347QFbejDBdMZFTxpmn6evvvqyXiqZTCd7,True,True,True,False,False,False,False,False,False,True,False,False,False,CHATEX
3H3rh85qPaGLy2w6618yZNaH7i8asHv46B,True,True,True,False,False,False,False,False,False,True,False,False,False,CHATEX
3MTrJTFhYK9v1C6pjHtuweZSopfZa4b1wb,True,True,True,False,False,False,False,False,False,True,False,False,False,CHATEX
39KQvziHwUe2vddbpfC5WkQEV72qbQhxuh,True,True,True,False,False,False,False,False,False,True,False,False,False,CHATEX
rnXyVQzgxZe7TR1EPzTkGj2jxH4LMJYh66,False,False,False,False,False,False,False,False,False,False,True,False,False,CHATEX
3AjyprBY5yhijiCjUC5NUJutGbwhd3AQdE,True,True,True,False,False,False,False,False,False,True,False,False,False,"Polyanin, Yevgeniy, Igorevich, Полянин, Евгений, Игоревич, Polianin, Evegnii, Igorevich, Polyanin, Evgeniy, Polyanin, Evgeniy, Igorevich, Polyanin, Evgenii, Igorevich"
3DNsaQnaUz7wkQny1ZDSmtz6QfbEShxoDD,True,True,True,False,False,False,False,False,False,True,False,False,False,"Polyanin, Yevgeniy, Igorevich, Полянин, Евгений, Игоревич, Polianin, Evegnii, Igorevich, Polyanin, Evgeniy, Polyanin, Evgeniy, Igorevich, Polyanin, Evgenii, Igorevich"
31p6woV4e55HUfC2aGynFhzQnGoJFW26cD,True,True,True,False,False,False,False,False,False,True,False,False,False,"Polyanin, Yevgeniy, Igorevich, Полянин, Евгений, Игоревич, Polianin, Evegnii, Igorevich, Polyanin, Evgeniy, Polyanin, Evgeniy, Igorevich, Polyanin, Evgenii, Igorevich"
39Te8MbphSgs7npDJPj2hbNzhke61NTcnB,True,True,True,False,False,False,False,False,False,True,False,False,False,"Polyanin, Yevgeniy, Igorevich, Полянин, Евгений, Игоревич, Polianin, Evegnii, Igorevich, Polyanin, Evgeniy, Polyanin, Evgeniy, Igorevich, Polyanin, Evgenii, Igorevich"
0xfec8a60023265364d066a1212fde3930f6ae8da7,False,False,False,False,False,False,True,True,True,False,False,False,True,"Polyanin, Yevgeniy, Igorevich, Полянин, Евгений, Игоревич, Polianin, Evegnii, Igorevich, Polyanin, Evgeniy, Polyanin, Evgeniy, Igorevich, Polyanin, Evgenii, Igorevich"
158treVZBGMBThoaympxccPdZPtqUfYrT9,True,True,True,False,False,False,False,False,False,False,False,False,False,"Polyanin, Yevgeniy, Igorevich, Полянин, Евгений, Игоревич, Polianin, Evegnii, Igorevich, Polyanin, Evgeniy, Polyanin, Evgeniy, Igorevich, Polyanin, Evgenii, Igorevich"
389Sft4nJFkPGhbagk9FN4jXncA9piYTuU,True,True,True,False,False,False,False,False,False,True,False,False,False,"Polyanin, Yevgeniy, Igorevich, Полянин, Евгений, Игоревич, Polianin, Evegnii, Igorevich, Polyanin, Evgeniy, Polyanin, Evgeniy, Igorevich, Polyanin, Evgenii, Igorevich"
372Wk9NLrMkJzKgqJdatWJy4bYRfxFjgat,True,True,True,False,False,False,False,False,False,True,False,False,False,"Васинский, Ярослав, Vasinskyi, Yaroslav"
3BsyZ7qRFSi3NsaoV1Ff724qAgrEpjVUHm,True,True,True,False,False,False,False,False,False,True,False,False,False,"Васинский, Ярослав, Vasinskyi, Yaroslav"
3NQ1aa9ceirMJ1JvRq3eXefvXj1L639fzX,True,True,True,False,False,False,False,False,False,True,False,False,False,"Васинский, Ярослав, Vasinskyi, Yaroslav"
35QpLWYkvD3ALhjbge5bK2kd7HfHYcDMu3,True,True,True,False,False,False,False,False,False,True,False,False,False,"Васинский, Ярослав, Vasinskyi, Yaroslav"
picreadi.com,False,False,False,False,False,True,False,False,False,False,False,False,False,"Центр Поддержки И Развития Общественных Инициатив Креативиая Дипломатия, Center for Support and Development of Public Initiative Creative Diplomacy, Public Initiative Creative Diplomacy, Общественных Инициатив Креативная Дипломатия, Креативная Дипломатия, Creative Diplomacy, PICREADI"
alfabank.com,False,False,False,False,False,True,False,False,False,False,False,False,False,"JOINT STOCK COMPANY ALFA-BANK, АКЦИОНЕРНОЕ ОБЩЕСТВО АЛЬФА-БАНК, ALFA-BANK, JSC ALFA-BANK, АО АЛЬФА-БАНК, AO ALFA-BANK, OPEN JOINT STOCK COMPANY ALFA-BANK"
factoring.ru,False,False,False,False,False,True,False,False,False,False,False,False,False,SOVCOMBANK FACTORING LIMITED LIABILITY COMPANY
best2pay.net,False,False,False,False,False,True,False,False,False,False,False,False,False,BEST2PAY LIMITED
vostobank.ru,False,False,False,False,False,True,False,False,False,False,False,False,False,"PUBLIC JOINT STOCK COMPANY KB VOSTOCHNY, Vostochny Commercial Bank PJSC, PJSC KB VOSTOCHNY"
fintender.ru,False,False,False,False,False,True,False,False,False,False,False,False,False,"AKTSIONERNOE OBSHCHESTVO RTS-KHOLDING, RTS-Holding JSC, AO RTS-KHOLDING, RTS-Holding Joint Stock Company"
3Lpoy53K625zVeE47ZasiG5jGkAxJ27kh1,True,True,True,False,False,False,False,False,False,True,False,False,False,"GARANTEX EUROPE OÜ, GARANTEX EUROPE OU"
0x7FF9cFad3877F21d41Da833E2F775dB0569eE3D9,False,False,False,False,False,False,True,True,True,False,False,False,True,"GARANTEX EUROPE OÜ, GARANTEX EUROPE OU"
3E6ZCKRrsdPc35chA9Eftp1h3DLW18NFNV,True,True,True,False,False,False,False,False,False,True,False,False,False,"GARANTEX EUROPE OÜ, GARANTEX EUROPE OU"
3QWUdP5taP4GrRuueVDud1eWetb7hc3wDH,True,True,True,False,False,False,False,False,False,True,False,False,False,"Hydra Market, Hydra, Hydra Marketplace"
1Licqjca74n8pmNaoARXLLqcTUTHFpxbXH,True,True,True,False,False,False,False,False,False,False,False,False,False,"Hydra Market, Hydra, Hydra Marketplace"
3KGQ3hX6eFYtBjTBFSdvdkzHmwZyYWLRQh,True,True,True,False,False,False,False,False,False,True,False,False,False,"Hydra Market, Hydra, Hydra Marketplace"
1Ge8JodC2HiBiEuT7D3MoH6Fak6XrcT9Kf,True,True,True,False,False,False,False,False,False,False,False,False,False,"Hydra Market, Hydra, Hydra Marketplace"
3BCN3WgMRJwULTz1vsEQ7NZrBjwaUBf5Ca,True,True,True,False,False,False,False,False,False,True,False,False,False,"Hydra Market, Hydra, Hydra Marketplace"
1Pu1nAW7kCoSMThMs8QcpM8JxuByQDZgH,True,True,True,False,False,False,False,False,False,False,False,False,False,"Hydra Market, Hydra, Hydra Marketplace"
1PWRKxkR5AU7Tc9zPqjdhtu1eGW1QZzs4y,True,True,True,False,False,False,False,False,False,False,False,False,False,"Hydra Market, Hydra, Hydra Marketplace"
37dDBCexFPraKW4jGSqkE3NyG52YeZQbJx,True,True,True,False,False,False,False,False,False,True,False,False,False,"Hydra Market, Hydra, Hydra Marketplace"
3AYU365Tcjef7j9pdKF9Xe8rWpEpsH196t,True,True,True,False,False,False,False,False,False,True,False,False,False,"Hydra Market, Hydra, Hydra Marketplace"
3Czhm6xqn8odwz6jgTcjRrUjog28v6aVS8,True,True,True,False,False,False,False,False,False,True,False,False,False,"Hydra Market, Hydra, Hydra Marketplace"
35aTjkBh4yeTypJsi9nuTdoMKHTsawKVgX,True,True,True,False,False,False,False,False,False,True,False,False,False,"Hydra Market, Hydra, Hydra Marketplace"
3K4rjdh8A5yi6LWvft2rbmyZvqEbPSSSX4,True,True,True,False,False,False,False,False,False,True,False,False,False,"Hydra Market, Hydra, Hydra Marketplace"
1CddRqw7oSPrT4tt5oXKyx2LiHJDPszy7y,True,True,True,False,False,False,False,False,False,False,False,False,False,"Hydra Market, Hydra, Hydra Marketplace"
1BvJRBRp9ZZ6zLyuZaZsV7g3xP6JokdZQW,True,True,True,False,False,False,False,False,False,False,False,False,False,"Hydra Market, Hydra, Hydra Marketplace"
3AjiWiUdKB5mcGUSS9mBeoHCeYJw3Zo8r6,True,True,True,False,False,False,False,False,False,True,False,False,False,"Hydra Market, Hydra, Hydra Marketplace"
35qwVtMEohWDdBWRiCSR7azoP5cbY8SG1Q,True,True,True,False,False,False,False,False,False,True,False,False,False,"Hydra Market, Hydra, Hydra Marketplace"
35SwVFxosV3AsvnrBfzdXarqavRbvDyyxv,True,True,True,False,False,False,False,False,False,True,False,False,False,"Hydra Market, Hydra, Hydra Marketplace"
3CCmt5LjQ5yKkaFY1DWC2SbERVEtWRnSRD,True,True,True,False,False,False,False,False,False,True,False,False,False,"Hydra Market, Hydra, Hydra Marketplace"
3KvBX3jo69Qn8jHy44M33RYoeYcf8DdRBD,True,True,True,False,False,False,False,False,False,True,False,False,False,"Hydra Market, Hydra, Hydra Marketplace"
1DKGRGJXGNLAtTeFb9SNPNHtrkZ87q7qKi,True,True,True,False,False,False,False,False,False,False,False,False,False,"Hydra Market, Hydra, Hydra Marketplace"
35LScRJ8hzDvvWh9t9UA8bHGnGNVz3YEfa,True,True,True,False,False,False,False,False,False,True,False,False,False,"Hydra Market, Hydra, Hydra Marketplace"
1E9uUnLbyfToazo95vmM3ysYnzgkrL7GeC,True,True,True,False,False,False,False,False,False,False,False,False,False,"Hydra Market, Hydra, Hydra Marketplace"
16SPDQFFzgsoNSPiFFTfS8Dw8LLXqia4oc,True,True,True,False,False,False,False,False,False,False,False,False,False,"Hydra Market, Hydra, Hydra Marketplace"
1Hhe61Bwxs8Hd2WxzWY9FQyZicBiZGeSNW,True,True,True,False,False,False,False,False,False,False,False,False,False,"Hydra Market, Hydra, Hydra Marketplace"
1GcKLUUXodTQcLcPD7VLMgvCc4hs5Q775,True,True,True,False,False,False,False,False,False,False,False,False,False,"Hydra Market, Hydra, Hydra Marketplace"
1MtsQsw6n2jvJCWhpCw7jifTfD9Q3rBBVg,True,True,True,False,False,False,False,False,False,False,False,False,False,"Hydra Market, Hydra, Hydra Marketplace"
3DLGfN7hgsWXXSp9euXcnmWXLpFQuswW2t,True,True,True,False,False,False,False,False,False,True,False,False,False,"Hydra Market, Hydra, Hydra Marketplace"
1EvhBad5wCZYhBoAsGaciV6AvmZ1osLpeJ,True,True,True,False,False,False,False,False,False,False,False,False,False,"Hydra Market, Hydra, Hydra Marketplace"
1NvJm3jfZxENNyqws5BKQvhkLxg9chLJdo,True,True,True,False,False,False,False,False,False,False,False,False,False,"Hydra Market, Hydra, Hydra Marketplace"
35KAdTa2vqnJzitF2xiUzZn1Gmcas2Y465,True,True,True,False,False,False,False,False,False,True,False,False,False,"Hydra Market, Hydra, Hydra Marketplace"
17mhyeBX617ABZ1ffThhUTJkHUcMvCkfd5,True,True,True,False,False,False,False,False,False,False,False,False,False,"Hydra Market, Hydra, Hydra Marketplace"
bc1qj6j6p0jdefl6pvdzx3kx8245yy5mz6q4luhzes,True,False,False,False,False,False,False,False,False,False,False,False,False,"Hydra Market, Hydra, Hydra Marketplace"
3GuQjr7kkrR5EjpanMgyAuxuLgrjEUwe21,True,True,True,False,False,False,False,False,False,True,False,False,False,"Hydra Market, Hydra, Hydra Marketplace"
3PiCnZrBvGfWAKQ9hr4cCpfaDjy64yNSpE,True,True,True,False,False,False,False,False,False,True,False,False,False,"Hydra Market, Hydra, Hydra Marketplace"
bc1qsmqpalp3gtgkltag4x3ygevmhh9y2hzk73t2ug,True,False,False,False,False,False,False,False,False,False,False,False,False,"Hydra Market, Hydra, Hydra Marketplace"
3K26aMKmnrv97Pj6YiFcqiXk2LxeHfhnG3,True,True,True,False,False,False,False,False,False,True,False,False,False,"Hydra Market, Hydra, Hydra Marketplace"
19pPbUDvoSBZafkUCYkD2Z9AkuqqV6sWm7,True,True,True,False,False,False,False,False,False,False,False,False,False,"Hydra Market, Hydra, Hydra Marketplace"
17V7THwHMiDJmDwZK4unhE5HgKFJKx7VCe,True,True,True,False,False,False,False,False,False,False,False,False,False,"Hydra Market, Hydra, Hydra Marketplace"
3JuSgFrwnrNfuhvR4GpWAPmeJVot4xrEae,True,True,True,False,False,False,False,False,False,True,False,False,False,"Hydra Market, Hydra, Hydra Marketplace"
35eanEz5iYg2eYaxCtMrR4SCoypFqrBWUH,True,True,True,False,False,False,False,False,False,True,False,False,False,"Hydra Market, Hydra, Hydra Marketplace"
1EtMuBPQnPCa3cecerdSH1SzydxnhbTmw,True,True,True,False,False,False,False,False,False,False,False,False,False,"Hydra Market, Hydra, Hydra Marketplace"
1Dpddb1TMjvmNQeYDqgyd1ww6cmwPJRdSk,True,True,True,False,False,False,False,False,False,False,False,False,False,"Hydra Market, Hydra, Hydra Marketplace"
331TS6DyASY7iU5CRA8UryBnkPS78fP2B1,True,True,True,False,False,False,False,False,False,True,False,False,False,"Hydra Market, Hydra, Hydra Marketplace"
1MQBDeRWsiJBf7K1VGjJ7PWEL6GJXMfmLg,True,True,True,False,False,False,False,False,False,False,False,False,False,"Hydra Market, Hydra, Hydra Marketplace"
1G64TFMFVJTjhJXra6x74BBhsfSyiWaFtT,True,True,True,False,False,False,False,False,False,False,False,False,False,"Hydra Market, Hydra, Hydra Marketplace"
1D3GuaS9eqKw8dWj9JFQtNufdRtysjSLxZ,True,True,True,False,False,False,False,False,False,False,False,False,False,"Hydra Market, Hydra, Hydra Marketplace"
1J9wJH2bamZVxscXAvoDH4jvtGKb7sYFDm,True,True,True,False,False,False,False,False,False,False,False,False,False,"Hydra Market, Hydra, Hydra Marketplace"
3Kp8Qc5z7yevDeoQxhS5RSSKnEi5x7AQ43,True,True,True,False,False,False,False,False,False,True,False,False,False,"Hydra Market, Hydra, Hydra Marketplace"
361AkMKNNWYwZRsCE8pPNmoh5aQf4V7g4p,True,True,True,False,False,False,False,False,False,True,False,False,False,"Hydra Market, Hydra, Hydra Marketplace"
175BUqf8JCU1uoG1iTRKTacDa4uvJDUCw2,True,True,True,False,False,False,False,False,False,False,False,False,False,"Hydra Market, Hydra, Hydra Marketplace"
bc1qvlzfn6kmezv44d8kw0p5jsmxe6wchv3zc7gsxs,True,False,False,False,False,False,False,False,False,False,False,False,False,"Hydra Market, Hydra, Hydra Marketplace"
3ES6pqCueDPCnC4hCqhhYuey6gyiRJZw6E,True,True,True,False,False,False,False,False,False,True,False,False,False,"Hydra Market, Hydra, Hydra Marketplace"
1ANpca7g93BwptUJg1zV116v49zn9gjDi3,True,True,True,False,False,False,False,False,False,False,False,False,False,"Hydra Market, Hydra, Hydra Marketplace"
148LKmyZT3FGE4x1GjsFN6RsAwcjzk5iuE,True,True,True,False,False,False,False,False,False,False,False,False,False,"Hydra Market, Hydra, Hydra Marketplace"
16EKTes8ahD8xvwisqjc2xSNLiG3fDHatW,True,True,True,False,False,False,False,False,False,False,False,False,False,"Hydra Market, Hydra, Hydra Marketplace"
1GkLN7DbA9mAtHNzQWNPANcdWbefaz4Gzm,True,True,True,False,False,False,False,False,False,False,False,False,False,"Hydra Market, Hydra, Hydra Marketplace"
bc1q237mvl0heyw0r38wd3xz8h5mar96rrwpams8pp,True,False,False,False,False,False,False,False,False,False,False,False,False,"Hydra Market, Hydra, Hydra Marketplace"
1LKE3XA9bf5JFqtGtCHzWj5QGxKGwMfXZw,True,True,True,False,False,False,False,False,False,False,False,False,False,"Hydra Market, Hydra, Hydra Marketplace"
1D1ej7zQzywWBDNXKNYpmH7Hso2U9koDG4,True,True,True,False,False,False,False,False,False,False,False,False,False,"Hydra Market, Hydra, Hydra Marketplace"
1FFS6pX1TCKTNy668Mbk2Lyoem1qB48kYX,True,True,True,False,False,False,False,False,False,False,False,False,False,"Hydra Market, Hydra, Hydra Marketplace"
3HJN4jRa4mdfkey9JR9jUhr86yPwL86A3C,True,True,True,False,False,False,False,False,False,True,False,False,False,"Hydra Market, Hydra, Hydra Marketplace"
34WWXwFKAsXL9zYxbeNPaPV6vDamkjQLUo,True,True,True,False,False,False,False,False,False,True,False,False,False,"Hydra Market, Hydra, Hydra Marketplace"
1DGsY4ww3BJnWXTsnmTgWa6UWdoRXgA1pX,True,True,True,False,False,False,False,False,False,False,False,False,False,"Hydra Market, Hydra, Hydra Marketplace"
13LQJQ1oJ9K7PsqsGfjNhoVv6UeU6hgzQz,True,True,True,False,False,False,False,False,False,False,False,False,False,"Hydra Market, Hydra, Hydra Marketplace"
34dxZvijpBM1YkPybczbQ7DuGuKAnULdfS,True,True,True,False,False,False,False,False,False,True,False,False,False,"Hydra Market, Hydra, Hydra Marketplace"
18cFGAdYcvNHkuhXLBE7izQKCyUW8TzCJE,True,True,True,False,False,False,False,False,False,False,False,False,False,"Hydra Market, Hydra, Hydra Marketplace"
1Q4tJjH2aBr3AJrzxqa4Z3jPpf5SDgF4jK,True,True,True,False,False,False,False,False,False,False,False,False,False,"Hydra Market, Hydra, Hydra Marketplace"
1CNbhgxGRZvsWnEHotfXge7k2E1UPzBDC7,True,True,True,False,False,False,False,False,False,False,False,False,False,"Hydra Market, Hydra, Hydra Marketplace"
3AFcE2mbSSndcpYFgHoExSmjUc26ef2gQh,True,True,True,False,False,False,False,False,False,True,False,False,False,"Hydra Market, Hydra, Hydra Marketplace"
1K2fmE9hfhbRNSZoBvCBWZAvsS5idTUxBG,True,True,True,False,False,False,False,False,False,False,False,False,False,"Hydra Market, Hydra, Hydra Marketplace"
3BQACtiMXYB9JpUMpkEWt9m8BzswpGHq4X,True,True,True,False,False,False,False,False,False,True,False,False,False,"Hydra Market, Hydra, Hydra Marketplace"
13hfsQm6oCaDZehfYBSMFiJVAi1jsL6sQd,True,True,True,False,False,False,False,False,False,False,False,False,False,"Hydra Market, Hydra, Hydra Marketplace"
1GYuu9d5HPikafbys3k5Q3DRJq6debGsoB,True,True,True,False,False,False,False,False,False,False,False,False,False,"Hydra Market, Hydra, Hydra Marketplace"
1Sf6e4xQv8muMZqYPTdRFf3e5o5eWcg9F,True,True,True,False,False,False,False,False,False,False,False,False,False,"Hydra Market, Hydra, Hydra Marketplace"
1A3iYY4c3dkgNYGewzYzr7EsqfBuWXibGo,True,True,True,False,False,False,False,False,False,False,False,False,False,"Hydra Market, Hydra, Hydra Marketplace"
123WBUDmSJv4GctdVEz6Qq6z8nXSKrJ4KX,True,True,True,False,False,False,False,False,False,False,False,False,False,"Hydra Market, Hydra, Hydra Marketplace"
1PXxwPVtYxZiCRp9LKq7aKMDFrhAQztvUE,True,True,True,False,False,False,False,False,False,False,False,False,False,"Hydra Market, Hydra, Hydra Marketplace"
3P6PzdfETr4275Gn3veLkCyDxA1jV8fHKm,True,True,True,False,False,False,False,False,False,True,False,False,False,"Hydra Market, Hydra, Hydra Marketplace"
1H8sDTTgJPBKw83EBZDLhXvetCbxZUMMZM,True,True,True,False,False,False,False,False,False,False,False,False,False,"Hydra Market, Hydra, Hydra Marketplace"
3QnWE5GVfQu3wVav91RuFkqip4Ti4NWqAY,True,True,True,False,False,False,False,False,False,True,False,False,False,"Hydra Market, Hydra, Hydra Marketplace"
33fWcMdmsB2Ey4CEbVWbjGFkuevBSyP9nG,True,True,True,False,False,False,False,False,False,True,False,False,False,"Hydra Market, Hydra, Hydra Marketplace"
16p2UWTZwXRyK5bTHNVjdDyy1D3EQGsZf2,True,True,True,False,False,False,False,False,False,False,False,False,False,"Hydra Market, Hydra, Hydra Marketplace"
bc1qsmv6lkrw65l30yazdqpdjjtwzpvk9f8gfh0cy7,True,False,False,False,False,False,False,False,False,False,False,False,False,"Hydra Market, Hydra, Hydra Marketplace"
19FQzHibWDhSP8pKmJS3uagFYoisXtehzw,True,True,True,False,False,False,False,False,False,False,False,False,False,"Hydra Market, Hydra, Hydra Marketplace"
bc1q202ajnhxgg9d9jjczmg0g4usp6haqldyy2eakl,True,False,False,False,False,False,False,False,False,False,False,False,False,"Hydra Market, Hydra, Hydra Marketplace"
1BCWMwpR4M1nYUuuYe2bmzrNuwGoF9ZAbA,True,True,True,False,False,False,False,False,False,False,False,False,False,"Hydra Market, Hydra, Hydra Marketplace"
1MbtT2ZsTtLp7EKZUV9r74cTyqvsMtTP2M,True,True,True,False,False,False,False,False,False,False,False,False,False,"Hydra Market, Hydra, Hydra Marketplace"
bc1qqf8kcc9m57xjqcvsvuf989nnl48ve6d2s24cx3,True,False,False,False,False,False,False,False,False,False,False,False,False,"Hydra Market, Hydra, Hydra Marketplace"
bc1qs9u6j78e3utj08mwvqkkmqm9de5xk3g4yh8qtq,True,False,False,False,False,False,False,False,False,False,False,False,False,"Hydra Market, Hydra, Hydra Marketplace"
1HuYfoEwsfHgZiRhbhJrCd5ST3iksa8KEx,True,True,True,False,False,False,False,False,False,False,False,False,False,"Hydra Market, Hydra, Hydra Marketplace"
1KkaKujnqwJf7Cbm7JKAZGF3X9d4685m8n,True,True,True,False,False,False,False,False,False,False,False,False,False,"Hydra Market, Hydra, Hydra Marketplace"
36yS87PLuW7sErLg1TY26WzaVarTim7AcC,True,True,True,False,False,False,False,False,False,True,False,False,False,"Hydra Market, Hydra, Hydra Marketplace"
1NbGwQwt4uEhg2srAKppLf8QaF6fbp3PZG,True,True,True,False,False,False,False,False,False,False,False,False,False,"Hydra Market, Hydra, Hydra Marketplace"
3PDmRwotTkRAFRLGTUrucCERp2JdM1q4ar,True,True,True,False,False,False,False,False,False,True,False,False,False,"Hydra Market, Hydra, Hydra Marketplace"
1CG1aSCxUnbmv9G34ofxTQoHtuVnMLJtQV,True,True,True,False,False,False,False,False,False,False,False,False,False,"Hydra Market, Hydra, Hydra Marketplace"
3MP7yBGSW2gkXVRE8S84T2j4KVgPh3rEzv,True,True,True,False,False,False,False,False,False,True,False,False,False,"Hydra Market, Hydra, Hydra Marketplace"
14gM1HuLVDELNHaFU22qpabjtiWek4HhV1,True,True,True,False,False,False,False,False,False,False,False,False,False,"Hydra Market, Hydra, Hydra Marketplace"
1PYtgFS2t6i57WdDvbRa7kPcsagGMBxzfg,True,True,True,False,False,False,False,False,False,False,False,False,False,"Hydra Market, Hydra, Hydra Marketplace"
16ZSAEfYpPCj3D94fsNt2okYj9Ue8mxy6T,True,True,True,False,False,False,False,False,False,False,False,False,False,"Hydra Market, Hydra, Hydra Marketplace"
1QHxyuLGRMHfbNPJikV4Dwhfx45HWfUMWB,True,True,True,False,False,False,False,False,False,False,False,False,False,"Hydra Market, Hydra, Hydra Marketplace"
3BWP6ZQAhc4j5wR1b95zJAthJEFvhdees7,True,True,True,False,False,False,False,False,False,True,False,False,False,"Hydra Market, Hydra, Hydra Marketplace"
3GXdtA6kbb4M5aqzZm5qqxcFDFRMW8LqdJ,True,True,True,False,False,False,False,False,False,True,False,False,False,"Hydra Market, Hydra, Hydra Marketplace"
3HSZc4BLnQBznjSq7JvXgqNCZUUs3M9fZz,True,True,True,False,False,False,False,False,False,True,False,False,False,"Hydra Market, Hydra, Hydra Marketplace"
3GAUBtrTtWp1D9yeXgr3wMg8B599QHa5m5,True,True,True,False,False,False,False,False,False,True,False,False,False,"Hydra Market, Hydra, Hydra Marketplace"
1GnFTy5F9qi5MfaRZfgdg2jkyT5xtAHvd8,True,True,True,False,False,False,False,False,False,False,False,False,False,"Hydra Market, Hydra, Hydra Marketplace"
1B3u21itzjgKtm7QsNQNCBpSkwzzeDHqrW,True,True,True,False,False,False,False,False,False,False,False,False,False,"Hydra Market, Hydra, Hydra Marketplace"
1B11Ezqg3AXjFhMdRq5UpPDpNyriYNVtkn,True,True,True,False,False,False,False,False,False,False,False,False,False,"Hydra Market, Hydra, Hydra Marketplace"
1HH8eiuaTMucTNyvGCUmAvmCZCtdMi8SqK,True,True,True,False,False,False,False,False,False,False,False,False,False,"Hydra Market, Hydra, Hydra Marketplace"
3HRExd8GKFskZC5inmVcpiyy9UWG7FVa6o,True,True,True,False,False,False,False,False,False,True,False,False,False,"Hydra Market, Hydra, Hydra Marketplace"
bc1quyc6j8ca84q9gjej5jjd2n8hra0vfu0j60fefs57p6e5rerkq07q0l5u3w,True,False,False,False,False,False,False,False,False,False,False,False,False,"Hydra Market, Hydra, Hydra Marketplace"
32pCmCWEjwhkLwh5BgLNAeBQFp5Gi1hv81,True,True,True,False,False,False,False,False,False,True,False,False,False,"Hydra Market, Hydra, Hydra Marketplace"
1EuUMPBCZtSd5pVVFEqmRqUSfU1qy6ASuL,True,True,True,False,False,False,False,False,False,False,False,False,False,"Hydra Market, Hydra, Hydra Marketplace"
3QVyoH4u3qT88uChAeJVhfB3r6maZt431y,True,True,True,False,False,False,False,False,False,True,False,False,False,"Hydra Market, Hydra, Hydra Marketplace"
12VrYZgS1nmf9KHHped24xBb1aLLRpV2cT,True,True,True,False,False,False,False,False,False,False,False,False,False,"Hydra Market, Hydra, Hydra Marketplace"
1F7UL41qYm6TvnExZzPHBCyeENvX3XDEMS,True,True,True,False,False,False,False,False,False,False,False,False,False,"Hydra Market, Hydra, Hydra Marketplace"
1PJp8diNa89cVHpiT1VPu7EQ8LxYM5HX6v,True,True,True,False,False,False,False,False,False,False,False,False,False,"Hydra Market, Hydra, Hydra Marketplace"
3JhPsVV3KnL9dBYGSZALS9EbrLr97R865a,True,True,True,False,False,False,False,False,False,True,False,False,False,"Hydra Market, Hydra, Hydra Marketplace"
3N3YSDvp4cbhEgNGabQxTN39kEzJmwG8Ah,True,True,True,False,False,False,False,False,False,True,False,False,False,"Blender.io, @madeamaze_bot, blenderio, @Blenderio_Russian, @Blenderio_English"
3MTRvM5QrYZHKo8gh5qKcrPK3RLjxcDCZE,True,True,True,False,False,False,False,False,False,True,False,False,False,"Blender.io, @madeamaze_bot, blenderio, @Blenderio_Russian, @Blenderio_English"
3MD3riFB6U8PykypF6qkvSj8R2SGdUDPn3,True,True,True,False,False,False,False,False,False,True,False,False,False,"Blender.io, @madeamaze_bot, blenderio, @Blenderio_Russian, @Blenderio_English"
3Q5dGfLKkWqWSwYtbMUyc8xGjN5LrRviK4,True,True,True,False,False,False,False,False,False,True,False,False,False,"Blender.io, @madeamaze_bot, blenderio, @Blenderio_Russian, @Blenderio_English"
37g6WgqedzZx6nx51tYgssNG8Hnknyj5nL,True,True,True,False,False,False,False,False,False,True,False,False,False,"Blender.io, @madeamaze_bot, blenderio, @Blenderio_Russian, @Blenderio_English"
32DaxSzUhLBHY2WGSWQYiBSHnRsfQZrrRp,True,True,True,False,False,False,False,False,False,True,False,False,False,"Blender.io, @madeamaze_bot, blenderio, @Blenderio_Russian, @Blenderio_English"
3QEjBiPzw6WZUL4MYMmMU6DY1Y25aVbpQu,True,True,True,False,False,False,False,False,False,True,False,False,False,"Blender.io, @madeamaze_bot, blenderio, @Blenderio_Russian, @Blenderio_English"
3FBgeJdhiBe22UoSpp51Vd8dPHVa2A4wZX,True,True,True,False,False,False,False,False,False,True,False,False,False,"Blender.io, @madeamaze_bot, blenderio, @Blenderio_Russian, @Blenderio_English"
3PyzSbFj3hbQQjTzDzyLSgvFVDjB7yw4Cj,True,True,True,False,False,False,False,False,False,True,False,False,False,"Blender.io, @madeamaze_bot, blenderio, @Blenderio_Russian, @Blenderio_English"
3J19qffPT6mxQUcV6k5yVURGZtdhpdGr4y,True,True,True,False,False,False,False,False,False,True,False,False,False,"Blender.io, @madeamaze_bot, blenderio, @Blenderio_Russian, @Blenderio_English"
3QJyT8nThEQakbfqgX86YjCK1Sp9hfNCUW,True,True,True,False,False,False,False,False,False,True,False,False,False,"Blender.io, @madeamaze_bot, blenderio, @Blenderio_Russian, @Blenderio_English"
3HupEUfKmMhvhXqf8TMoPAyqDcRC1kpe65,True,True,True,False,False,False,False,False,False,True,False,False,False,"Blender.io, @madeamaze_bot, blenderio, @Blenderio_Russian, @Blenderio_English"
38ncxqt932N9CcfNfYuHGZgCyR85hDkWBW,True,True,True,False,False,False,False,False,False,True,False,False,False,"Blender.io, @madeamaze_bot, blenderio, @Blenderio_Russian, @Blenderio_English"
31t4nEpcwyQJT1VuXdAoQZTT5givRDPsNP,True,True,True,False,False,False,False,False,False,True,False,False,False,"Blender.io, @madeamaze_bot, blenderio, @Blenderio_Russian, @Blenderio_English"
39AALn7eTjdPzLb99hHhD6F7J8QWB3R2Rd,True,True,True,False,False,False,False,False,False,True,False,False,False,"Blender.io, @madeamaze_bot, blenderio, @Blenderio_Russian, @Blenderio_English"
34kEYgpijvCmjvahRXXQEnBH76UGJVx2wg,True,True,True,False,False,False,False,False,False,True,False,False,False,"Blender.io, @madeamaze_bot, blenderio, @Blenderio_Russian, @Blenderio_English"
3GYbbYkvqvjF5oYhaKCgQYCvcVE1JENk6J,True,True,True,False,False,False,False,False,False,True,False,False,False,"Blender.io, @madeamaze_bot, blenderio, @Blenderio_Russian, @Blenderio_English"
32PsiT8itBrEF84ebdaF82yBUEcz5Wc6uY,True,True,True,False,False,False,False,False,False,True,False,False,False,"Blender.io, @madeamaze_bot, blenderio, @Blenderio_Russian, @Blenderio_English"
3QAdoc1rDCt8dii1GVPJXvvK6CEJLzCRZw,True,True,True,False,False,False,False,False,False,True,False,False,False,"Blender.io, @madeamaze_bot, blenderio, @Blenderio_Russian, @Blenderio_English"
3MvQ4gThF4mmuo49p4dBNchcmFHBRZnYfx,True,True,True,False,False,False,False,False,False,True,False,False,False,"Blender.io, @madeamaze_bot, blenderio, @Blenderio_Russian, @Blenderio_English"
3JLyyLbwciWAC6re87D7mRknXakR4YbnUd,True,True,True,False,False,False,False,False,False,True,False,False,False,"Blender.io, @madeamaze_bot, blenderio, @Blenderio_Russian, @Blenderio_English"
34pFGsSYbWEritXncW9unZtQQE9dKSvKku,True,True,True,False,False,False,False,False,False,True,False,False,False,"Blender.io, @madeamaze_bot, blenderio, @Blenderio_Russian, @Blenderio_English"
3EUjqe9UpmyXCFd6jeu69hoTzndMRfxw9M,True,True,True,False,False,False,False,False,False,True,False,False,False,"Blender.io, @madeamaze_bot, blenderio, @Blenderio_Russian, @Blenderio_English"
3JHMz3mTna1gVCZSPp8NgRFiY7phkv5mA8,True,True,True,False,False,False,False,False,False,True,False,False,False,"Blender.io, @madeamaze_bot, blenderio, @Blenderio_Russian, @Blenderio_English"
3LhnVMcBq4gsR7aDaRr9XmUo17CuYBV4FN,True,True,True,False,False,False,False,False,False,True,False,False,False,"Blender.io, @madeamaze_bot, blenderio, @Blenderio_Russian, @Blenderio_English"
35hh9dg3wSvUJz9vFk1FsezLE5Fx3Hudk2,True,True,True,False,False,False,False,False,False,True,False,False,False,"Blender.io, @madeamaze_bot, blenderio, @Blenderio_Russian, @Blenderio_English"
38LjCapRrJEW7w2zwbyS15P9D9UGPjWS44,True,True,True,False,False,False,False,False,False,True,False,False,False,"Blender.io, @madeamaze_bot, blenderio, @Blenderio_Russian, @Blenderio_English"
15PggTG7YhJKiE6B16vkKzA1YDTZipXEX4,True,True,True,False,False,False,False,False,False,False,False,False,False,"Blender.io, @madeamaze_bot, blenderio, @Blenderio_Russian, @Blenderio_English"
3DCCgmyKozcZkFBzYb1A2x8abZCpAUTPPk,True,True,True,False,False,False,False,False,False,True,False,False,False,"Blender.io, @madeamaze_bot, blenderio, @Blenderio_Russian, @Blenderio_English"
3K35dyL85fR9ht7UgzPfd1gLRRXQtNTqE3,True,True,True,False,False,False,False,False,False,True,False,False,False,"Blender.io, @madeamaze_bot, blenderio, @Blenderio_Russian, @Blenderio_English"
3LDbNuDkKmLae5r3a5icPA5CQg2Y8F7ogW,True,True,True,False,False,False,False,False,False,True,False,False,False,"Blender.io, @madeamaze_bot, blenderio, @Blenderio_Russian, @Blenderio_English"
3GSXNXzyCDoQ1Rhsc7F1jjjFe7DGcHHdcM,True,True,True,False,False,False,False,False,False,True,False,False,False,"Blender.io, @madeamaze_bot, blenderio, @Blenderio_Russian, @Blenderio_English"
3B4G1M8eF3cThbeMwhEWkKzczw9QoNTGak,True,True,True,False,False,False,False,False,False,True,False,False,False,"Blender.io, @madeamaze_bot, blenderio, @Blenderio_Russian, @Blenderio_English"
3F6bbvS1krsc1qR8FsbTDfYQyvkMm3QvmR,True,True,True,False,False,False,False,False,False,True,False,False,False,"Blender.io, @madeamaze_bot, blenderio, @Blenderio_Russian, @Blenderio_English"
3ANWhUnHujdwbw2jEuGSRH6bvFsD9BqEy9,True,True,True,False,False,False,False,False,False,True,False,False,False,"Blender.io, @madeamaze_bot, blenderio, @Blenderio_Russian, @Blenderio_English"
36XqYWGvUQwBrYLRVuegN4pJJJSPWL1WEu,True,True,True,False,False,False,False,False,False,True,False,False,False,"Blender.io, @madeamaze_bot, blenderio, @Blenderio_Russian, @Blenderio_English"
3NDzzVxiLBUs1WPvVGRfCYDTAD2Ua2PvW4,True,True,True,False,False,False,False,False,False,True,False,False,False,"Blender.io, @madeamaze_bot, blenderio, @Blenderio_Russian, @Blenderio_English"
3BazbaTP8ELJUEfPBV9z5HXEdgBziV9p7W,True,True,True,False,False,False,False,False,False,True,False,False,False,"Blender.io, @madeamaze_bot, blenderio, @Blenderio_Russian, @Blenderio_English"
32fbAZMTaQxNd2fAue1PgsiPgWfcsHBQQt,True,True,True,False,False,False,False,False,False,True,False,False,False,"Blender.io, @madeamaze_bot, blenderio, @Blenderio_Russian, @Blenderio_English"
3GMfGEDYMTq9G8dEHet1zLtUFJwYwSNa3Y,True,True,True,False,False,False,False,False,False,True,False,False,False,"Blender.io, @madeamaze_bot, blenderio, @Blenderio_Russian, @Blenderio_English"
3HQDRyzwm82MFmLWtmyikDM9JQEtVT6vAp,True,True,True,False,False,False,False,False,False,True,False,False,False,"Blender.io, @madeamaze_bot, blenderio, @Blenderio_Russian, @Blenderio_English"
34ETiHfQWEYFCCaXmEeQWVmhFH5vz2JMvd,True,True,True,False,False,False,False,False,False,True,False,False,False,"Blender.io, @madeamaze_bot, blenderio, @Blenderio_Russian, @Blenderio_English"
33KKjn4exdBJQkTtdWxqpdVsWxrw3LareG,True,True,True,False,False,False,False,False,False,True,False,False,False,"Blender.io, @madeamaze_bot, blenderio, @Blenderio_Russian, @Blenderio_English"
3EPqGUw2q89pwPZ1UF8FJspE2AyojSTjdu,True,True,True,False,False,False,False,False,False,True,False,False,False,"Blender.io, @madeamaze_bot, blenderio, @Blenderio_Russian, @Blenderio_English"
3JUwAS7seL3fh5hxWh9fu3HCiEzjuQLTfg,True,True,True,False,False,False,False,False,False,True,False,False,False,"Blender.io, @madeamaze_bot, blenderio, @Blenderio_Russian, @Blenderio_English"
1H939dom7i4WDLCKyGbXUp3fs9CSTNRzgL,True,True,True,False,False,False,False,False,False,False,False,False,False,"Khatibi Aghada, Ahmad, خطیبی عقدا, احمد, Khatibi, Ahmad"
bc1qx3e2axj3wsfn0ndtvlwmkghmmgm4583nqg8ngk,True,False,False,False,False,False,False,False,False,False,False,False,False,"Khatibi Aghada, Ahmad, خطیبی عقدا, احمد, Khatibi, Ahmad"
bc1q3y5v2khlyvemcz042wl98dzflywr8ghglqws6s,True,False,False,False,False,False,False,False,False,False,False,False,False,"Khatibi Aghada, Ahmad, خطیبی عقدا, احمد, Khatibi, Ahmad"
bc1qsxf77cvwcd6jv6j8d8j3uhh4g0xqw4meswmwuc,True,False,False,False,False,False,False,False,False,False,False,False,False,"Nikaeen Ravari, Amir Hossein, Nickaein Ravari, Amir Hossein, Nika'in, Amir Hosein"
bc1qpaly5nm7pfka9v92d6qvl4fc2l9xzee8a6ys3s,True,False,False,False,False,False,False,False,False,False,False,False,False,"Nikaeen Ravari, Amir Hossein, Nickaein Ravari, Amir Hossein, Nika'in, Amir Hosein"
1H939dom7i4WDLCKyGbXUp3fs9CSTNRzgL,True,True,True,False,False,False,False,False,False,False,False,False,False,"Nikaeen Ravari, Amir Hossein, Nickaein Ravari, Amir Hossein, Nika'in, Amir Hosein"
bc1q9lvynkfpaw330uhqmunzdz6gmafsvapv7y3zty,True,False,False,False,False,False,False,False,False,False,False,False,False,"Nikaeen Ravari, Amir Hossein, Nickaein Ravari, Amir Hossein, Nika'in, Amir Hosein"
0x8589427373D6D84E98730D7795D8f6f8731FDA16,False,False,False,False,False,False,True,True,True,False,False,False,True,"Tornado Cash, Tornado Cash Classic, Tornado Cash Nova"
0x12D66f87A04A9E220743712cE6d9bB1B5616B8Fc,False,False,False,False,False,False,True,True,True,False,False,False,True,"Tornado Cash, Tornado Cash Classic, Tornado Cash Nova"
0xA160cdAB225685dA1d56aa342Ad8841c3b53f291,False,False,False,False,False,False,True,True,True,False,False,False,True,"Tornado Cash, Tornado Cash Classic, Tornado Cash Nova"
0xbB93e510BbCD0B7beb5A853875f9eC60275CF498,False,False,False,False,False,False,True,True,True,False,False,False,True,"Tornado Cash, Tornado Cash Classic, Tornado Cash Nova"
0xb1C8094B234DcE6e03f10a5b673c1d8C69739A00,False,False,False,False,False,False,True,True,True,False,False,False,True,"Tornado Cash, Tornado Cash Classic, Tornado Cash Nova"
0x905b63Fff465B9fFBF41DeA908CEb12478ec7601,False,False,False,False,False,False,True,True,True,False,False,False,True,"Tornado Cash, Tornado Cash Classic, Tornado Cash Nova"
0x47CE0C6eD5B0Ce3d3A51fdb1C52DC66a7c3c2936,False,False,False,False,False,False,True,True,True,False,False,False,True,"Tornado Cash, Tornado Cash Classic, Tornado Cash Nova"
0x527653eA119F3E6a1F5BD18fbF4714081D7B31ce,False,False,False,False,False,False,True,True,True,False,False,False,True,"Tornado Cash, Tornado Cash Classic, Tornado Cash Nova"
0xDD4c48C0B24039969fC16D1cdF626eaB821d3384,False,False,False,False,False,False,True,True,True,False,False,False,True,"Tornado Cash, Tornado Cash Classic, Tornado Cash Nova"
0xD4B88Df4D29F5CedD6857912842cff3b20C8Cfa3,False,False,False,False,False,False,True,True,True,False,False,False,True,"Tornado Cash, Tornado Cash Classic, Tornado Cash Nova"
0xD21be7248e0197Ee08E0c20D4a96DEBdaC3D20Af,False,False,False,False,False,False,True,True,True,False,False,False,True,"Tornado Cash, Tornado Cash Classic, Tornado Cash Nova"
0x4736dCf1b7A3d580672CcE6E7c65cd5cc9cFBa9D,False,False,False,False,False,False,True,True,True,False,False,False,True,"Tornado Cash, Tornado Cash Classic, Tornado Cash Nova"
0x722122dF12D4e14e13Ac3b6895a86e84145b6967,False,False,False,False,False,False,True,True,True,False,False,False,True,"Tornado Cash, Tornado Cash Classic, Tornado Cash Nova"
0xF67721A2D8F736E75a49FdD7FAd2e31D8676542a,False,False,False,False,False,False,True,True,True,False,False,False,True,"Tornado Cash, Tornado Cash Classic, Tornado Cash Nova"
0xd90e2f925DA726b50C4Ed8D0Fb90Ad053324F31b,False,False,False,False,False,False,True,True,True,False,False,False,True,"Tornado Cash, Tornado Cash Classic, Tornado Cash Nova"
0x23773E65ed146A459791799d01336DB287f25334,False,False,False,False,False,False,True,True,True,False,False,False,True,"Tornado Cash, Tornado Cash Classic, Tornado Cash Nova"
0xF60dD140cFf0706bAE9Cd734Ac3ae76AD9eBC32A,False,False,False,False,False,False,True,True,True,False,False,False,True,"Tornado Cash, Tornado Cash Classic, Tornado Cash Nova"
0x610B717796ad172B316836AC95a2ffad065CeaB4,False,False,False,False,False,False,True,True,True,False,False,False,True,"Tornado Cash, Tornado Cash Classic, Tornado Cash Nova"
0xaEaaC358560e11f52454D997AAFF2c5731B6f8a6,False,False,False,False,False,False,True,True,True,False,False,False,True,"Tornado Cash, Tornado Cash Classic, Tornado Cash Nova"
0xb541fc07bC7619fD4062A54d96268525cBC6FfEF,False,False,False,False,False,False,True,True,True,False,False,False,True,"Tornado Cash, Tornado Cash Classic, Tornado Cash Nova"
0xd96f2B1c14Db8458374d9Aca76E26c3D18364307,False,False,False,False,False,False,True,True,True,False,False,False,True,"Tornado Cash, Tornado Cash Classic, Tornado Cash Nova"
0x07687e702b410Fa43f4cB4Af7FA097918ffD2730,False,False,False,False,False,False,True,True,True,False,False,False,True,"Tornado Cash, Tornado Cash Classic, Tornado Cash Nova"
0x910Cbd523D972eb0a6f4cAe4618aD62622b39DbF,False,False,False,False,False,False,True,True,True,False,False,False,True,"Tornado Cash, Tornado Cash Classic, Tornado Cash Nova"
0xFD8610d20aA15b7B2E3Be39B396a1bC3516c7144,False,False,False,False,False,False,True,True,True,False,False,False,True,"Tornado Cash, Tornado Cash Classic, Tornado Cash Nova"
0x22aaA7720ddd5388A3c0A3333430953C68f1849b,False,False,False,False,False,False,True,True,True,False,False,False,True,"Tornado Cash, Tornado Cash Classic, Tornado Cash Nova"
0xBA214C1c1928a32Bffe790263E38B4Af9bFCD659,False,False,False,False,False,False,True,True,True,False,False,False,True,"Tornado Cash, Tornado Cash Classic, Tornado Cash Nova"
0x9AD122c22B14202B4490eDAf288FDb3C7cb3ff5E,False,False,False,False,False,False,True,True,True,False,False,False,True,"Tornado Cash, Tornado Cash Classic, Tornado Cash Nova"
0x94A1B5CdB22c43faab4AbEb5c74999895464Ddaf,False,False,False,False,False,False,True,True,True,False,False,False,True,"Tornado Cash, Tornado Cash Classic, Tornado Cash Nova"
0xCa0840578f57fE71599D29375e16783424023357,False,False,False,False,False,False,True,True,True,False,False,False,True,"Tornado Cash, Tornado Cash Classic, Tornado Cash Nova"
0x0836222F2B2B24A3F36f98668Ed8F0B38D1a872f,False,False,False,False,False,False,True,True,True,False,False,False,True,"Tornado Cash, Tornado Cash Classic, Tornado Cash Nova"
0x1356c899D8C9467C7f71C195612F8A395aBf2f0a,False,False,False,False,False,False,True,True,True,False,False,False,True,"Tornado Cash, Tornado Cash Classic, Tornado Cash Nova"
0x2717c5e28cf931547B621a5dddb772Ab6A35B701,False,False,False,False,False,False,True,True,True,False,False,False,True,"Tornado Cash, Tornado Cash Classic, Tornado Cash Nova"
0x03893a7c7463AE47D46bc7f091665f1893656003,False,False,False,False,False,False,True,True,True,False,False,False,True,"Tornado Cash, Tornado Cash Classic, Tornado Cash Nova"
0x58E8dCC13BE9780fC42E8723D8EaD4CF46943dF2,False,False,False,False,False,False,True,True,True,False,False,False,True,"Tornado Cash, Tornado Cash Classic, Tornado Cash Nova"
0xD691F27f38B395864Ea86CfC7253969B409c362d,False,False,False,False,False,False,True,True,True,False,False,False,True,"Tornado Cash, Tornado Cash Classic, Tornado Cash Nova"
0x178169B423a011fff22B9e3F3abeA13414dDD0F1,False,False,False,False,False,False,True,True,True,False,False,False,True,"Tornado Cash, Tornado Cash Classic, Tornado Cash Nova"
0x169AD27A470D064DEDE56a2D3ff727986b15D52B,False,False,False,False,False,False,True,True,True,False,False,False,True,"Tornado Cash, Tornado Cash Classic, Tornado Cash Nova"
tornado.cash,False,False,False,False,False,True,False,False,False,False,False,False,False,"Tornado Cash, Tornado Cash Classic, Tornado Cash Nova"
0xA60C772958a3eD56c1F15dD055bA37AC8e523a0D,False,False,False,False,False,False,True,True,True,False,False,False,True,"Tornado Cash, Tornado Cash Classic, Tornado Cash Nova"
0xc2a3829F459B3Edd87791c74cD45402BA0a20Be3,False,False,False,False,False,False,True,True,True,False,False,False,True,"Task Force Rusich, Rusich sabotage and assault reconnaissance group, Sabotage and Assault Reconnaissance Group Rusich, Rusich Task Force, Military-Patriotic Club Rusich, DShRG Rusich, ДШРГ Русич"
TX5GV4DyfxNB3rPkzZJhmqZ1efVmL4rEqG,False,False,False,False,False,False,False,False,False,False,False,True,False,"Task Force Rusich, Rusich sabotage and assault reconnaissance group, Sabotage and Assault Reconnaissance Group Rusich, Rusich Task Force, Military-Patriotic Club Rusich, DShRG Rusich, ДШРГ Русич"
bc1ql7dlyh8xz6tpqk92vztrhqh88dmjvcwrmsemrm,True,False,False,False,False,False,False,False,False,False,False,False,False,"Task Force Rusich, Rusich sabotage and assault reconnaissance group, Sabotage and Assault Reconnaissance Group Rusich, Rusich Task Force, Military-Patriotic Club Rusich, DShRG Rusich, ДШРГ Русич"
0x3AD9dB589d201A710Ed237c829c7860Ba86510Fc,False,False,False,False,False,False,True,True,True,False,False,False,True,"Task Force Rusich, Rusich sabotage and assault reconnaissance group, Sabotage and Assault Reconnaissance Group Rusich, Rusich Task Force, Military-Patriotic Club Rusich, DShRG Rusich, ДШРГ Русич"
bc1q2lpgjntr348pfvxhfy33ehmdzy3gmx8w4052z6,True,False,False,False,False,False,False,False,False,False,False,False,False,"Task Force Rusich, Rusich sabotage and assault reconnaissance group, Sabotage and Assault Reconnaissance Group Rusich, Rusich Task Force, Military-Patriotic Club Rusich, DShRG Rusich, ДШРГ Русич"
